variable_name,readable_name,definition,description,type,units,allowed_values,value_labels,missing_values,source_or_origin,derivation_or_transformation,validation_rules,notes,review_status
Age,Age,Patient age at hospitalization,Used for cohort description and patient versus surrogate comparisons,integer,years,0-120,,blank,source workbook,none,integer 0-120,Definition inferred from code,needs_review
Gender,Gender,Patient gender,Used as a categorical demographic variable,categorical,,observed workbook categories,,blank,source workbook,converted to pandas category,nonmissing preferred,Category labels inferred from source values,needs_review
BMI,Body mass index,Body mass index at baseline or admission,Used as a continuous demographic variable,float,kg/m2,positive numeric,,blank,source workbook,converted to float,numeric greater than 0,Timing inferred from code,needs_review
Ethnicity,Ethnicity,Patient ethnicity,Used as categorical demographic variable,categorical,,observed workbook categories,,blank,source workbook,converted to pandas category,valid observed label,Definition inferred from code,needs_review
Death,Death,Death outcome indicator,Used in hospitalization course table and figures,categorical,,observed workbook categories,,blank,source workbook,converted to pandas category,valid observed label,Timing not specified in code,needs_review
Oxygen Delivery,Oxygen delivery,Admission oxygen delivery modality,Used as ordered clinical course variable,categorical,,None | NC | HFNC,,blank,source workbook,converted to ordered categorical,must be one of allowed values,Definitions of NC and HFNC assumed clinical abbreviations,needs_review
Setting,Setting,Hospital setting,Admission or hospitalization location,categorical,,Acute care | ICU,,blank,source workbook,converted to ordered categorical,must be one of allowed values,Timing inferred from code,needs_review
New Discharge O2,New discharge oxygen,New oxygen requirement at discharge,Used as hospitalization outcome,categorical,,N/A | No | Yes,N = No | Y = Yes | blank = N/A,blank,source workbook,recode N/Y/blank then ordered category,must be one of allowed values,Definition inferred from code,needs_review
LOS,Length of stay,Hospital length of stay,Used as continuous hospitalization outcome,integer,days,0 or greater,,blank,source workbook,converted to integer,integer greater than or equal to 0,Definition inferred from code,needs_review
Admit,Admission date,Admission date,Used to derive days from admission to positive COVID test,date,date,valid date,,blank,source workbook,used in date difference,datetime compatible,Exact date handling inferred from code,needs_review
Date of + test,Date of positive test,Date of positive COVID test,Used to derive days after admission test positive,date,date,valid date,,blank,source workbook,used in date difference,datetime compatible,Exact date handling inferred from code,needs_review
Palliative Consult,Palliative consult,Whether palliative care was consulted,Advance-care-planning or hospitalization variable,categorical,,N | Y,,blank,source workbook,converted to ordered categorical,must be N or Y,Definition inferred from code,needs_review
CCI,Charlson comorbidity index,Comorbidity burden score,Used as continuous and descriptive variable,integer,points,0 or greater,,blank,source workbook,converted to integer,integer greater than or equal to 0,Specific CCI implementation not documented,needs_review
Prior ACP type,Prior ACP type,Type of prior advance-care-planning document or discussion,Used in advance-care-planning table,categorical,,GOC | AD | POLST | LST,,blank,source workbook,converted to ordered categorical,must be one of allowed values,Abbreviations should be reviewed,needs_review
Prior Decision Maker,Prior decision maker,Prior documented decision-maker status,Used in advance-care-planning table,categorical,,Unknown | POLST | Surrogate | Patient,N = No | Y = Yes | blank = Yes,blank,source workbook,recode N/Y/blank then ordered category,must be one of allowed values,Historical recode should be reviewed,needs_review
Date of prior ACP,Date of prior ACP,Date of prior advance-care-planning documentation,Not actively transformed but expected in workbook,date,date,valid date,,blank,source workbook,none,datetime compatible,Referenced only in comments and likely source workbook,needs_review
Prior Code status,Prior code status,Code status before hospitalization,Used in advance-care-planning table and alluvial context,categorical,,Unknown | Full code | DNR | DNR/DNI,blank = Unknown,blank,source workbook,recode blank to Unknown then ordered category,must be one of allowed values,Definition inferred from code,needs_review
Prior limitations on artificial nutrition,Prior artificial nutrition limitation,Prior documented limitation on artificial nutrition,Used in advance-care-planning table,categorical,,No | Yes,X = Yes | blank = No,blank,source workbook,recode X/blank,must be No or Yes,Definition inferred from code,needs_review
Prior limitations on intubation,Prior intubation limitation,Prior documented limitation on intubation,Used in advance-care-planning table,categorical,,No | Yes,X = Yes | blank = No,blank,source workbook,recode X/blank,must be No or Yes,Definition inferred from code,needs_review
Prior limitations of ICU transfer,Prior ICU transfer limitation,Prior documented limitation on ICU transfer,Used in advance-care-planning table and figures,categorical,,No | Yes,X = Yes | blank = No,blank,source workbook,recode X/blank,must be No or Yes,Definition inferred from code,needs_review
Ok for IV fluids or antibiotics,Okay for IV fluids or antibiotics,Prior documented allowance for IV fluids or antibiotics,Used in advance-care-planning table and figures,categorical,,No | Yes,X = Yes | blank = No,blank,source workbook,recode X/blank,must be No or Yes,Definition inferred from code,needs_review
Ok for long term nutrition or intubation,Okay for long term nutrition or intubation,Prior documented allowance for long-term nutrition or intubation,Used in advance-care-planning table and figures,categorical,,No | Yes,X = Yes | blank = No,blank,source workbook,recode X/blank,must be No or Yes,Definition inferred from code,needs_review
Prior Comfort care,Prior comfort care,Prior documented comfort-care preference,Used in advance-care-planning table and figures,categorical,,No | Yes,X = Yes | blank = No,blank,source workbook,recode X/blank,must be No or Yes,Definition inferred from code,needs_review
Hospitalization ACP,Hospitalization ACP,Advance-care-planning activity during hospitalization,Used in hospitalization and ACP summaries,categorical,,observed workbook categories,,blank,source workbook,converted to pandas category,valid observed label,Definition inferred from code,needs_review
Current Decision Maker,Current decision maker,Decision maker during hospitalization,Primary grouping variable for patient versus surrogate comparisons,categorical,,Unknown | POLST | Surrogate | Patient,,blank,source workbook,converted to ordered categorical,must be one of allowed values,Patient category defines primary subgroup,reviewed
Change from prior decision maker,Change from prior decision maker,Whether decision maker changed from prior documentation,Used in figures,categorical,,observed workbook categories,,blank,source workbook,converted to pandas category,valid observed label,Definition inferred from code,needs_review
Code Status At Hospitalization,Code status at hospitalization,Code status at hospitalization,Used in ACP summary and alluvial context,categorical,,Unknown | Full code | DNR | DNR/DNI,,blank,source workbook,converted to ordered categorical,must be one of allowed values,Definition inferred from code,needs_review
Comfort care,Comfort care,Comfort-care status during hospitalization,Used in hospitalization and ACP summaries,categorical,,No | Yes,X = Yes | blank = No,blank,source workbook,recode X/blank,must be No or Yes,Definition inferred from code,needs_review
ICU transfer acceptable to patient?,ICU transfer acceptable,Whether ICU transfer was acceptable to patient or decision maker,Used in ACP summary,categorical,,No | Yes,N = No | Y = Yes | blank = Yes,blank,source workbook,recode N/Y/blank,must be No or Yes,Historical blank recode should be reviewed,needs_review
Change in code status from prior ACP on admission,Admission code status change,Whether admission code status changed from prior ACP,Used in ACP summary,categorical,,N/A | No | Yes,N = No | Y = Yes | blank = N/A,blank,source workbook,recode N/Y/blank,must be N/A No or Yes,Definition inferred from code,needs_review
Direct of Change in code status on admit,Direction of admission code status change,Direction of code status change on admission,Used in ACP summary,categorical,,Less | More | No Change or N/A,blank = No Change or N/A,blank,source workbook,recode blank to No Change or N/A,must be one of allowed values,Column name typo preserved from workbook,needs_review
Subsequent changes during hospitalization,Subsequent hospitalization changes,Whether subsequent goals-of-care or code-status changes occurred during hospitalization,Used in ACP summary,categorical,,No | Yes,N = No | Y = Yes | blank = No,blank,source workbook,recode N/Y/blank,must be No or Yes,Definition inferred from code,needs_review
Symptoms prior to admit,Symptoms prior to admit,Any symptoms before admission,Used in symptom comparisons,categorical,,observed workbook categories,,blank,source workbook,converted to pandas category,valid observed label,Definition inferred from code,needs_review
Fever,Fever,Fever symptom indicator,Used in symptom comparisons,categorical,,No | Yes,X = Yes | blank = No,blank,source workbook,recode X/blank,must be No or Yes,Definition inferred from code,needs_review
SOB,Shortness of breath,Shortness of breath symptom indicator,Used in symptom comparisons,categorical,,No | Yes,X = Yes | blank = No,blank,source workbook,recode X/blank,must be No or Yes,Definition inferred from code,needs_review
Cough,Cough,Cough symptom indicator,Used in symptom comparisons,categorical,,No | Yes,X = Yes | blank = No,blank,source workbook,recode X/blank,must be No or Yes,Definition inferred from code,needs_review
Sinus Congestion,Sinus congestion,Sinus congestion symptom indicator,Used in symptom comparisons,categorical,,No | Yes,X = Yes | blank = No,blank,source workbook,recode X/blank,must be No or Yes,Definition inferred from code,needs_review
Malaise or Fatigue or Weakness,Malaise fatigue or weakness,Malaise fatigue or weakness symptom indicator,Used in symptom comparisons,categorical,,No | Yes,X = Yes | blank = No,blank,source workbook,recode X/blank,must be No or Yes,Definition inferred from code,needs_review
Diarrhea,Diarrhea,Diarrhea symptom indicator,Used in symptom comparisons,categorical,,No | Yes,X = Yes | blank = No,blank,source workbook,recode X/blank,must be No or Yes,Definition inferred from code,needs_review
Confusion,Confusion,Confusion symptom indicator,Used in symptom comparisons,categorical,,No | Yes,X = Yes | blank = No,blank,source workbook,recode X/blank,must be No or Yes,Definition inferred from code,needs_review
Anorexia,Anorexia,Anorexia symptom indicator,Used in symptom comparisons,categorical,,No | Yes,X = Yes | blank = No,blank,source workbook,recode X/blank,must be No or Yes,Definition inferred from code,needs_review
Myalgias Athralgias,Myalgias arthralgias,Myalgias or arthralgias symptom indicator,Used in symptom comparisons,categorical,,No | Yes,X = Yes | blank = No,blank,source workbook,recode X/blank,must be No or Yes,Column spelling preserved from workbook,needs_review
HA,Headache,Headache symptom indicator,Used in symptom comparisons,categorical,,No | Yes,X = Yes | blank = No,blank,source workbook,recode X/blank,must be No or Yes,Abbreviation inferred,needs_review
Sore throat,Sore throat,Sore throat symptom indicator,Used in symptom comparisons,categorical,,No | Yes,X = Yes | blank = No,blank,source workbook,recode X/blank,must be No or Yes,Definition inferred from code,needs_review
Abdominal pain,Abdominal pain,Abdominal pain symptom indicator,Used in symptom comparisons,categorical,,No | Yes,X = Yes | blank = No,blank,source workbook,recode X/blank,must be No or Yes,Definition inferred from code,needs_review
SIRS criteria met on admission,SIRS on admission,Whether SIRS criteria were met on admission,Used in symptom and admission comparisons,categorical,,No | Yes,N = No | Y = Yes,blank,source workbook,recode N/Y,must be No or Yes,Definition inferred from code,needs_review
Temp,Temperature,Admission temperature,Used in admission-sign comparisons,float,unspecified,numeric,,blank,source workbook,converted to float,numeric,Units not documented,needs_review
SBP,Systolic blood pressure,Admission systolic blood pressure,Used in admission-sign comparisons,float,mmHg,numeric,,blank,source workbook,converted to float,numeric,Timing inferred from code,needs_review
DBP,Diastolic blood pressure,Admission diastolic blood pressure,Used in admission-sign comparisons,float,mmHg,numeric,,blank,source workbook,converted to float,numeric,Timing inferred from code,needs_review
Pulse,Pulse,Admission pulse,Used in admission-sign comparisons,float,beats per minute,numeric,,blank,source workbook,converted to float,numeric,Timing inferred from code,needs_review
RR,Respiratory rate,Admission respiratory rate,Used in admission-sign comparisons,float,breaths per minute,numeric,,blank,source workbook,converted to float,numeric,Timing inferred from code,needs_review
O2,Oxygen saturation,Admission oxygen saturation,Used in admission-sign comparisons,float,percent,numeric,,blank,source workbook,converted to float,numeric,Meaning inferred from variable name,needs_review
WBC,White blood cell count,Admission white blood cell count,Used in admission-sign comparisons,float,unspecified,numeric,,blank,source workbook,converted to float,numeric,Units not documented,needs_review
SIRS criteria met,SIRS criteria met,Count or indicator of SIRS criteria met,Used as continuous admission-sign comparison,integer,count or indicator,integer,,blank,source workbook,converted to integer,integer,Exact coding not documented,needs_review
Supp O2,Supplemental oxygen,Supplemental oxygen indicator or quantity,Used as continuous admission-sign comparison,integer,unspecified,integer,,blank,source workbook,converted to integer,integer,Exact coding not documented,needs_review
Days after admit test positive,Days after admission test positive,Days from admission to positive COVID test,Derived timing variable,integer,days,integer,,blank,derived,Date of + test minus Admit,integer,Derived in file_to_df,reviewed
MI,Myocardial infarction,Comorbidity indicator for myocardial infarction,Used in comorbidity comparisons,categorical,,No | Yes,X = Yes | blank = No,blank,source workbook,recode X/blank,must be No or Yes,Label printed as CAD in statistical tests,needs_review
CHF,Congestive heart failure,Comorbidity indicator for congestive heart failure,Used in comorbidity comparisons,categorical,,No | Yes,X = Yes | blank = No,blank,source workbook,recode X/blank,must be No or Yes,Definition inferred from code,needs_review
PVD,Peripheral vascular disease,Comorbidity indicator for peripheral vascular disease,Used in comorbidity summaries,categorical,,No | Yes,X = Yes | blank = No,blank,source workbook,recode X/blank,must be No or Yes,Definition inferred from code,needs_review
CVA or TIA,CVA or TIA,Comorbidity indicator for stroke or transient ischemic attack,Used in comorbidity comparisons,categorical,,No | Yes,X = Yes | blank = No,blank,source workbook,recode X/blank,must be No or Yes,Definition inferred from code,needs_review
Dementia,Dementia,Comorbidity indicator for dementia,Used in comorbidity comparisons,categorical,,No | Yes,X = Yes | blank = No,blank,source workbook,recode X/blank,must be No or Yes,Definition inferred from code,needs_review
COPD,COPD,Comorbidity indicator for chronic obstructive pulmonary disease,Used in comorbidity summaries,categorical,,No | Yes,X = Yes | blank = No,blank,source workbook,recode X/blank,must be No or Yes,Definition inferred from code,needs_review
Connective tissue disease,Connective tissue disease,Comorbidity indicator for connective tissue disease,Used in comorbidity summaries,categorical,,No | Yes,X = Yes | blank = No,blank,source workbook,recode X/blank,must be No or Yes,Definition inferred from code,needs_review
PUD,Peptic ulcer disease,Comorbidity indicator for peptic ulcer disease,Used in comorbidity summaries,categorical,,No | Yes,X = Yes | blank = No,blank,source workbook,recode X/blank,must be No or Yes,Abbreviation inferred,needs_review
Liver disease,Liver disease,Comorbidity indicator for liver disease,Used in comorbidity summaries,categorical,,No | Yes,X = Yes | blank = No,blank,source workbook,recode X/blank,must be No or Yes,Definition inferred from code,needs_review
DM,Diabetes mellitus,Comorbidity category for diabetes,Used in comorbidity summaries,categorical,,No | Yes/Uncomplicated | Yes/Complicated,blank = No,blank,source workbook,recode Complicated Uncomplicated blank,must be one of allowed values,Definition inferred from code,needs_review
Mod-Sev CKD,Moderate severe CKD,Comorbidity indicator for moderate to severe chronic kidney disease,Used in comorbidity summaries,categorical,,No | Yes,X = Yes | blank = No,blank,source workbook,recode X/blank,must be No or Yes,Abbreviation inferred,needs_review
Solid tumor,Solid tumor,Comorbidity indicator for solid tumor,Used in comorbidity summaries,categorical,,No | Yes,X = Yes | blank = No,blank,source workbook,recode X/blank,must be No or Yes,Definition inferred from code,needs_review
Leukemia,Leukemia,Comorbidity indicator for leukemia,Used in comorbidity summaries,categorical,,No | Yes,X = Yes | blank = No,blank,source workbook,recode X/blank,must be No or Yes,Definition inferred from code,needs_review
Lymphoma,Lymphoma,Comorbidity indicator for lymphoma,Used in comorbidity summaries,categorical,,No | Yes,X = Yes | blank = No,blank,source workbook,recode X/blank,must be No or Yes,Definition inferred from code,needs_review
AIDS,AIDS,Comorbidity indicator for AIDS,Used in comorbidity summaries,categorical,,No | Yes,X = Yes | blank = No,blank,source workbook,recode X/blank,must be No or Yes,Definition inferred from code,needs_review
Hemiplegia,Hemiplegia,Comorbidity indicator for hemiplegia,Used in comorbidity summaries,categorical,,No | Yes,X = Yes | blank = No,blank,source workbook,recode X/blank,must be No or Yes,Definition inferred from code,needs_review
output.xlsx,Cleaned output workbook,Cleaned analysis table generated by SVH.py,Generated row-level derivative and should stay local,file,xlsx,generated artifact,,not applicable,generated output,written by run_analysis,do not commit,May contain row-level data,reviewed
tables.xlsx,Aggregate tables workbook,Legacy aggregate summary tables generated by SVH.py,Generated aggregate output,file,xlsx,generated artifact,,not applicable,generated output,written by make_tables,review before public release,Previously tracked and now archived as historical output,reviewed
statistical_tests.txt,Statistical tests log,Text output from legacy patient versus surrogate comparisons,Generated text output,file,txt,generated artifact,,not applicable,generated output,stdout redirected from statistical_tests,review before public release,May reveal small-cell aggregate counts,needs_review
code_status_alluvial.html,Code status alluvial HTML,Legacy manually specified alluvial diagram,Generated HTML output,file,html,generated artifact,,not applicable,generated output,written by code_status_alluvial,review before public release,Counts are manually embedded and not dynamically recalculated,needs_review
figures/*.png,Distribution figures,Generated categorical and continuous distribution plots,Generated aggregate figures,file,png,generated artifact,,not applicable,generated output,written by visualizations,review before public release,May reveal small-cell aggregate counts,needs_review
